article,date,actual,predicted
BAGUETTE,2022-01-02,55.0,59.672981843636634
BAGUETTE,2022-01-03,15.0,40.08090920272942
BAGUETTE,2022-01-04,1.0,27.859390526561597
BAGUETTE,2022-01-05,1.0,24.485212112656612
BAGUETTE,2022-01-06,23.0,22.36352315645694
BAGUETTE,2022-01-07,14.0,25.380982902513466
BAGUETTE,2022-01-08,20.0,34.22699739750337
BAGUETTE,2022-01-09,27.0,34.18658813789239
BAGUETTE,2022-01-10,23.0,19.35791624192115
BAGUETTE,2022-01-11,16.0,17.860188276461898
BAGUETTE,2022-01-12,16.0,18.13105668937304
BAGUETTE,2022-01-13,15.0,17.656341401640994
BAGUETTE,2022-01-14,19.0,18.1248322134421
BAGUETTE,2022-01-15,27.0,30.14961452661222
BAGUETTE,2022-01-16,33.0,28.483870150380767
BAGUETTE,2022-01-17,19.0,17.745746879203605
BAGUETTE,2022-01-18,18.0,22.557401782932367
BAGUETTE,2022-01-19,18.0,20.051540645411368
BAGUETTE,2022-01-20,20.0,20.247032134364886
BAGUETTE,2022-01-21,23.0,19.129067034355984
BAGUETTE,2022-01-22,28.0,28.496144688460067
BAGUETTE,2022-01-23,51.0,35.65220910154334
BAGUETTE,2022-01-24,19.0,28.054440226029357
BAGUETTE,2022-01-25,24.0,24.977059060493904
BAGUETTE,2022-01-26,24.0,26.06556010614066
BAGUETTE,2022-01-27,28.0,25.639340294817867
BAGUETTE,2022-01-28,23.0,23.870753200657603
BAGUETTE,2022-01-29,24.0,35.378955472112345
BAGUETTE,2022-01-30,35.0,39.86897322493085
BAGUETTE,2022-01-31,17.0,25.34702246980677
BAGUETTE,2022-02-01,25.0,20.4541043399349
BAGUETTE,2022-02-02,25.0,22.147419893596663
BAGUETTE,2022-02-03,23.0,21.55729360649337
BAGUETTE,2022-02-04,21.0,21.388519643602468
BAGUETTE,2022-02-05,24.0,33.85820675114158
BAGUETTE,2022-02-06,55.0,31.0762894169197
BAGUETTE,2022-02-07,27.0,33.79873538323227
BAGUETTE,2022-02-08,30.0,25.485698708830505
BAGUETTE,2022-02-09,30.0,27.58820863112988
BAGUETTE,2022-02-10,24.0,23.919544502976326
BAGUETTE,2022-02-11,23.0,25.725707225626003
BAGUETTE,2022-02-12,21.0,35.49719023309159
BAGUETTE,2022-02-13,45.0,38.25021744126054
BAGUETTE,2022-02-14,28.0,29.798076817788914
BAGUETTE,2022-02-15,31.0,25.45981257745077
BAGUETTE,2022-02-16,31.0,26.531758885024303
BAGUETTE,2022-02-17,35.0,26.5946210194752
BAGUETTE,2022-02-18,39.0,30.392920820850666
BAGUETTE,2022-02-19,45.0,44.817046891674885
BAGUETTE,2022-02-20,43.0,50.409393695062114
BAGUETTE,2022-02-21,24.0,31.68664531368376
BAGUETTE,2022-02-22,31.0,33.32489656840955
BAGUETTE,2022-02-23,31.0,37.68116173620961
BAGUETTE,2022-02-24,31.0,30.723080730275388
BAGUETTE,2022-02-25,35.0,29.16071485895869
BAGUETTE,2022-02-26,38.0,36.98528842758851
BAGUETTE,2022-02-27,61.0,40.5929668471495
BAGUETTE,2022-02-28,23.0,38.76108901826605
BAGUETTE,2022-03-01,28.0,32.40428008621566
BAGUETTE,2022-03-02,10.0,26.264000526927788
BAGUETTE,2022-03-03,24.0,23.861241888791362
BAGUETTE,2022-03-04,26.0,25.625948516295615
BAGUETTE,2022-03-05,39.0,35.08239058592011
BAGUETTE,2022-03-06,47.0,39.6723498589864
BAGUETTE,2022-03-07,25.0,27.13027853991563
BAGUETTE,2022-03-08,25.0,25.75915481232191
BAGUETTE,2022-03-09,17.0,18.162639715799827
BAGUETTE,2022-03-10,19.0,19.407347229628243
BAGUETTE,2022-03-11,26.0,25.76322876119536
BAGUETTE,2022-03-12,27.0,32.631434097967535
BAGUETTE,2022-03-13,36.0,30.24075577845614
BAGUETTE,2022-03-14,24.0,23.892574129631214
BAGUETTE,2022-03-15,28.0,23.515921938018643
BAGUETTE,2022-03-16,20.0,20.939525102746195
BAGUETTE,2022-03-17,10.0,22.51920950181468
BAGUETTE,2022-03-18,17.0,16.53883957443281
BAGUETTE,2022-03-19,28.0,23.318022743621086
BAGUETTE,2022-03-20,32.0,34.51080156530795
BAGUETTE,2022-03-21,30.0,15.898000975340228
BAGUETTE,2022-03-22,17.0,17.259217550243285
BAGUETTE,2022-03-23,16.0,14.457025089880538
BAGUETTE,2022-03-24,12.0,13.176121943691857
BAGUETTE,2022-03-25,26.0,15.440829905753855
BAGUETTE,2022-03-26,32.0,30.52718064943691
BAGUETTE,2022-03-27,42.0,39.45233246348389
BAGUETTE,2022-03-28,23.0,26.189627409041265
BAGUETTE,2022-03-29,20.0,23.77427975006972
BAGUETTE,2022-03-30,15.0,21.455789631318932
BAGUETTE,2022-03-31,25.0,17.10960275722457
BAGUETTE,2022-04-01,29.0,25.866845165521138
BAGUETTE,2022-04-02,23.0,32.92353722852429
BAGUETTE,2022-04-03,32.0,27.778587494691827
BAGUETTE,2022-04-04,16.0,18.62332170101563
BAGUETTE,2022-04-05,15.0,17.8204175307977
BAGUETTE,2022-04-06,27.0,18.378902307618926
BAGUETTE,2022-04-07,14.0,19.486911860643133
BAGUETTE,2022-04-08,23.0,17.712402711919555
BAGUETTE,2022-04-09,36.0,26.057883794036574
BAGUETTE,2022-04-10,48.0,36.759554123577615
BAGUETTE,2022-04-11,34.0,27.601888279424855
BAGUETTE,2022-04-12,16.0,22.87413030960358
BAGUETTE,2022-04-13,36.0,27.873511785888223
BAGUETTE,2022-04-14,29.0,22.283266455479243
BAGUETTE,2022-04-15,38.0,27.399031079671275
BAGUETTE,2022-04-16,57.0,50.25815813794614
BAGUETTE,2022-04-17,36.0,55.27032480480632
BAGUETTE,2022-04-18,68.0,36.555819469484724
BAGUETTE,2022-04-19,28.0,43.45504284600673
BAGUETTE,2022-04-20,20.0,34.127353861011564
BAGUETTE,2022-04-21,47.0,32.386502618686634
BAGUETTE,2022-04-22,28.0,34.65141872982159
BAGUETTE,2022-04-23,32.0,51.022403950196704
BAGUETTE,2022-04-24,41.0,47.535245106779094
BAGUETTE,2022-04-25,24.0,25.81934134271306
BAGUETTE,2022-04-26,19.0,27.235445443945967
BAGUETTE,2022-04-27,19.0,21.61159094344967
BAGUETTE,2022-04-28,22.0,25.12110289850701
BAGUETTE,2022-04-29,25.0,25.374051917913857
BAGUETTE,2022-04-30,52.0,39.738447496439704
BAGUETTE,2022-05-01,64.0,49.0828916330038
BAGUETTE,2022-05-02,24.0,32.379878722137335
BAGUETTE,2022-05-03,22.0,24.801760129714925
BAGUETTE,2022-05-04,22.0,25.34489204831165
BAGUETTE,2022-05-05,17.0,25.36088912876602
BAGUETTE,2022-05-06,40.0,28.787658232461
BAGUETTE,2022-05-07,35.0,51.00815560029686
BAGUETTE,2022-05-08,45.0,47.158850132402364
BAGUETTE,2022-05-09,21.0,23.6985834264434
BAGUETTE,2022-05-10,18.0,20.336811794673107
BAGUETTE,2022-05-11,27.0,20.740263233243976
BAGUETTE,2022-05-12,24.0,21.59230813063474
BAGUETTE,2022-05-13,22.0,25.124410041887145
BAGUETTE,2022-05-14,37.0,38.18244721949093
BAGUETTE,2022-05-15,50.0,42.759033282539555
BAGUETTE,2022-05-16,37.0,31.067290477783985
BAGUETTE,2022-05-17,23.0,27.93698738133577
BAGUETTE,2022-05-18,24.0,25.90939783997922
BAGUETTE,2022-05-19,19.0,21.720981191443
BAGUETTE,2022-05-20,29.0,26.537891145008714
BAGUETTE,2022-05-21,46.0,46.976147688500646
BAGUETTE,2022-05-22,57.0,53.50544508383836
BAGUETTE,2022-05-23,28.0,32.50278980670818
BAGUETTE,2022-05-24,20.0,23.769418369035883
BAGUETTE,2022-05-25,31.0,25.291597022113734
BAGUETTE,2022-05-26,45.0,35.976759985397244
BAGUETTE,2022-05-27,64.0,35.27044787895224
BAGUETTE,2022-05-28,55.0,63.14369505051925
BAGUETTE,2022-05-29,71.0,70.58031392762547
BAGUETTE,2022-05-30,35.0,58.463584294320405
BAGUETTE,2022-05-31,29.0,46.14376148046625
BAGUETTE,2022-06-01,33.0,43.353565998541654
BAGUETTE,2022-06-02,33.0,38.67219488345343
BAGUETTE,2022-06-03,36.0,20.732417346763683
BAGUETTE,2022-06-04,36.0,52.57749231453518
BAGUETTE,2022-06-05,86.0,48.78705443075534
BAGUETTE,2022-06-06,62.0,50.338728598396045
BAGUETTE,2022-06-07,44.0,56.75072653062429
BAGUETTE,2022-06-08,36.0,46.10820331564089
BAGUETTE,2022-06-09,18.0,43.34942162116084
BAGUETTE,2022-06-10,15.0,33.06373956022158
BAGUETTE,2022-06-11,42.0,47.41793519654504
BAGUETTE,2022-06-12,47.0,59.71547987547711
BAGUETTE,2022-06-13,39.0,31.46013163540312
BAGUETTE,2022-06-14,34.0,28.400099322795683
BAGUETTE,2022-06-15,32.0,28.53496510168156
BAGUETTE,2022-06-16,25.0,26.668539852384527
BAGUETTE,2022-06-17,21.0,22.51070760131303
BAGUETTE,2022-06-18,38.0,41.19263354108209
BAGUETTE,2022-06-19,52.0,45.64836983316795
BAGUETTE,2022-06-20,16.0,30.587964358181345
BAGUETTE,2022-06-21,28.0,22.405206222932794
BAGUETTE,2022-06-22,20.0,25.556656840610515
BAGUETTE,2022-06-23,33.0,23.934336593864337
BAGUETTE,2022-06-24,31.0,25.58542297143977
BAGUETTE,2022-06-25,33.0,40.30083258913039
BAGUETTE,2022-06-26,44.0,50.09145821214756
BAGUETTE,2022-06-27,29.0,28.279008547029875
BAGUETTE,2022-06-28,32.0,25.14878928251874
BAGUETTE,2022-06-29,17.0,23.731083359896246
BAGUETTE,2022-06-30,27.0,26.596420946331804
BAGUETTE,2022-07-01,39.0,29.00069499492102
BAGUETTE,2022-07-02,42.0,43.86582619282705
BAGUETTE,2022-07-03,74.0,49.52474850484011
BAGUETTE,2022-07-04,46.0,32.09257667131489
BAGUETTE,2022-07-05,29.0,28.948268731097542
BAGUETTE,2022-07-06,36.0,25.293528708254815
BAGUETTE,2022-07-07,31.0,30.286445195660214
BAGUETTE,2022-07-08,33.0,29.72022065451147
BAGUETTE,2022-07-09,33.0,48.30937571588675
BAGUETTE,2022-07-10,57.0,51.31159831210946
BAGUETTE,2022-07-11,69.0,39.952963131385104
BAGUETTE,2022-07-12,56.0,44.48753005188438
BAGUETTE,2022-07-13,51.0,46.164492194488304
BAGUETTE,2022-07-14,77.0,48.508542335981794
BAGUETTE,2022-07-15,79.0,54.05711634797697
BAGUETTE,2022-07-16,99.0,60.32535391140976
BAGUETTE,2022-07-17,94.0,71.17908484642129
BAGUETTE,2022-07-18,50.0,55.232263433096534
BAGUETTE,2022-07-19,36.0,56.90178719983223
BAGUETTE,2022-07-20,47.0,44.28183133692791
BAGUETTE,2022-07-21,40.0,55.282619811594486
BAGUETTE,2022-07-22,38.0,44.14290964886791
BAGUETTE,2022-07-23,85.0,65.25259387917782
BAGUETTE,2022-07-24,82.0,73.31298636205466
BAGUETTE,2022-07-25,63.0,54.749845685932826
BAGUETTE,2022-07-26,53.0,56.10955071923357
BAGUETTE,2022-07-27,53.0,58.65843456007758
BAGUETTE,2022-07-28,47.0,60.47363163270501
BAGUETTE,2022-07-29,64.0,54.922578008853826
BAGUETTE,2022-07-30,68.0,89.63950942694194
BAGUETTE,2022-07-31,70.0,85.68622015426513
BAGUETTE,2022-08-01,48.0,54.24674057748922
BAGUETTE,2022-08-02,49.0,55.759410944896814
BAGUETTE,2022-08-03,57.0,51.76654687475462
BAGUETTE,2022-08-04,40.0,52.64414513938636
BAGUETTE,2022-08-05,70.0,39.12693301991673
BAGUETTE,2022-08-06,55.0,68.60773269767084
BAGUETTE,2022-08-07,67.0,71.20169639598407
BAGUETTE,2022-08-08,61.0,52.37845374647582
BAGUETTE,2022-08-09,52.0,50.35069792552603
BAGUETTE,2022-08-10,57.0,50.854502203433626
BAGUETTE,2022-08-11,51.0,54.61585501984448
BAGUETTE,2022-08-12,54.0,48.699820187333025
BAGUETTE,2022-08-13,54.0,67.5007430813882
BAGUETTE,2022-08-14,81.0,70.9274241937579
BAGUETTE,2022-08-15,60.0,60.115891310956115
BAGUETTE,2022-08-16,35.0,50.05861830148313
BAGUETTE,2022-08-17,41.0,36.60249683814323
BAGUETTE,2022-08-18,71.0,42.949826363274596
BAGUETTE,2022-08-19,53.0,57.54197644067598
BAGUETTE,2022-08-20,61.0,70.862930411496
BAGUETTE,2022-08-21,73.0,80.90811529479001
BAGUETTE,2022-08-22,50.0,47.76956707622808
BAGUETTE,2022-08-23,42.0,52.69599631510124
BAGUETTE,2022-08-24,47.0,47.43853825991758
BAGUETTE,2022-08-25,35.0,39.99180807423226
BAGUETTE,2022-08-26,37.0,39.169994493981186
BAGUETTE,2022-08-27,43.0,64.1317116305197
BAGUETTE,2022-08-28,46.0,61.93034182531858
BAGUETTE,2022-08-29,39.0,33.540348997909476
BAGUETTE,2022-08-30,35.0,30.637167072861367
BAGUETTE,2022-08-31,16.0,33.679287531272934
BAGUETTE,2022-09-01,16.0,27.241854139562
BAGUETTE,2022-09-02,34.0,25.03508151019674
BAGUETTE,2022-09-03,38.0,42.99089642384795
BAGUETTE,2022-09-04,43.0,46.20955632617522
BAGUETTE,2022-09-05,21.0,25.96821633827663
BAGUETTE,2022-09-06,19.0,24.789049038607118
BAGUETTE,2022-09-07,18.0,23.181052527617645
BAGUETTE,2022-09-08,20.0,20.088554274095333
BAGUETTE,2022-09-09,25.0,26.116361308917448
BAGUETTE,2022-09-10,31.0,33.2408976319885
BAGUETTE,2022-09-11,41.0,43.52891522842262
BAGUETTE,2022-09-12,26.0,24.245312526729023
BAGUETTE,2022-09-13,27.0,22.264632990892096
BAGUETTE,2022-09-14,22.0,22.47147131991155
BAGUETTE,2022-09-15,26.0,22.827249499819295
BAGUETTE,2022-09-16,25.0,24.14566357299256
BAGUETTE,2022-09-17,34.0,39.30555918713757
BAGUETTE,2022-09-18,47.0,42.35454082629811
BAGUETTE,2022-09-19,47.0,28.826238341047247
BAGUETTE,2022-09-20,20.0,27.793049451616934
BAGUETTE,2022-09-21,11.0,22.794967029593323
BAGUETTE,2022-09-22,34.0,19.754016042890726
BAGUETTE,2022-09-23,12.0,24.457930467098315
BAGUETTE,2022-09-24,28.0,32.94472265005101
BAGUETTE,2022-09-25,36.0,41.95217215829379
BAGUETTE,2022-09-26,18.0,22.488625875166317
BAGUETTE,2022-09-27,34.0,26.234618317277903
BAGUETTE,2022-09-28,23.0,20.143440764747158
BAGUETTE,2022-09-29,30.0,24.60078065170896
BAGUETTE,2022-09-30,35.0,17.282253178507123
BANETTE,2022-01-02,67.0,58.973106346305336
BANETTE,2022-01-03,14.0,35.01182702262419
BANETTE,2022-01-04,2.0,23.12471108470004
BANETTE,2022-01-05,2.0,19.227498676968626
BANETTE,2022-01-06,23.0,19.385245542243656
BANETTE,2022-01-07,18.0,20.305621181340246
BANETTE,2022-01-08,20.0,24.371189141994385
BANETTE,2022-01-09,33.0,24.498503546369005
BANETTE,2022-01-10,18.0,21.404132252263647
BANETTE,2022-01-11,17.0,18.869560308315137
BANETTE,2022-01-12,17.0,20.378492517528198
BANETTE,2022-01-13,22.0,20.63826867782931
BANETTE,2022-01-14,15.0,17.019834808050405
BANETTE,2022-01-15,16.0,24.056980214418907
BANETTE,2022-01-16,26.0,27.74939035126345
BANETTE,2022-01-17,16.0,15.99380507383005
BANETTE,2022-01-18,16.0,15.320143508247668
BANETTE,2022-01-19,16.0,16.474250808380248
BANETTE,2022-01-20,23.0,17.11231707602067
BANETTE,2022-01-21,16.0,18.072634692016596
BANETTE,2022-01-22,13.0,25.152709747847073
BANETTE,2022-01-23,41.0,24.463752308161897
BANETTE,2022-01-24,18.0,20.042434151373833
BANETTE,2022-01-25,7.0,16.75225275439408
BANETTE,2022-01-26,7.0,15.802068342084905
BANETTE,2022-01-27,24.0,15.384022613152528
BANETTE,2022-01-28,10.0,18.332722751684393
BANETTE,2022-01-29,19.0,26.538213159100422
BANETTE,2022-01-30,40.0,29.10607199492353
BANETTE,2022-01-31,23.0,17.1420300519529
BANETTE,2022-02-01,23.0,22.37751578789105
BANETTE,2022-02-02,23.0,23.769229015449547
BANETTE,2022-02-03,13.0,21.303043598567182
BANETTE,2022-02-04,14.0,21.08156007611175
BANETTE,2022-02-05,31.0,28.85654781336467
BANETTE,2022-02-06,41.0,30.471195737990026
BANETTE,2022-02-07,38.0,23.382887075223554
BANETTE,2022-02-08,21.0,23.924297359036686
BANETTE,2022-02-09,21.0,22.782351071445056
BANETTE,2022-02-10,24.0,22.711650361852726
BANETTE,2022-02-11,22.0,24.203224334107254
BANETTE,2022-02-12,29.0,31.403560615421856
BANETTE,2022-02-13,30.0,34.64289518323822
BANETTE,2022-02-14,29.0,24.724190613156082
BANETTE,2022-02-15,36.0,24.387977808930223
BANETTE,2022-02-16,36.0,30.4501530408507
BANETTE,2022-02-17,29.0,28.046530152462424
BANETTE,2022-02-18,31.0,27.049378954217772
BANETTE,2022-02-19,42.0,40.39379543035709
BANETTE,2022-02-20,42.0,48.66469751562377
BANETTE,2022-02-21,22.0,29.586409018508135
BANETTE,2022-02-22,28.0,30.069331100338395
BANETTE,2022-02-23,28.0,30.526525837492805
BANETTE,2022-02-24,32.0,26.220863252297434
BANETTE,2022-02-25,30.0,28.095865072045534
BANETTE,2022-02-26,38.0,41.53796057449135
BANETTE,2022-02-27,66.0,47.98701594541505
BANETTE,2022-02-28,19.0,31.217854181971674
BANETTE,2022-03-01,30.0,30.353262851552422
BANETTE,2022-03-02,20.0,31.67879980401601
BANETTE,2022-03-03,30.0,28.720409809294424
BANETTE,2022-03-04,30.0,27.281676247163276
BANETTE,2022-03-05,40.0,46.18528706987762
BANETTE,2022-03-06,53.0,35.569103568951114
BANETTE,2022-03-07,25.0,25.826699155301114
BANETTE,2022-03-08,30.0,25.424600519383194
BANETTE,2022-03-09,11.0,29.23696798527426
BANETTE,2022-03-10,22.0,19.27009535311621
BANETTE,2022-03-11,24.0,23.334815575664365
BANETTE,2022-03-12,24.0,31.087322867619946
BANETTE,2022-03-13,31.0,25.07869479519515
BANETTE,2022-03-14,28.0,30.882532234056285
BANETTE,2022-03-15,19.0,20.793829754602253
BANETTE,2022-03-16,12.0,20.947999967877465
BANETTE,2022-03-17,27.0,22.086302829502483
BANETTE,2022-03-18,24.0,24.024129121561387
BANETTE,2022-03-19,30.0,31.678137650755723
BANETTE,2022-03-20,45.0,36.13531835704576
BANETTE,2022-03-21,30.0,21.984399143176592
BANETTE,2022-03-22,25.0,26.78895840567793
BANETTE,2022-03-23,13.0,25.177578015529996
BANETTE,2022-03-24,20.0,17.766663989079827
BANETTE,2022-03-25,17.0,22.499152107642022
BANETTE,2022-03-26,40.0,28.3870977559502
BANETTE,2022-03-27,32.0,37.91579438535847
BANETTE,2022-03-28,23.0,26.60380437429783
BANETTE,2022-03-29,15.0,20.89335608703317
BANETTE,2022-03-30,14.0,19.350690868770965
BANETTE,2022-03-31,17.0,18.741847824017892
BANETTE,2022-04-01,15.0,20.233051661391116
BANETTE,2022-04-02,21.0,28.844557844466934
BANETTE,2022-04-03,40.0,30.163573382630965
BANETTE,2022-04-04,30.0,21.59764697042073
BANETTE,2022-04-05,22.0,26.17072694150544
BANETTE,2022-04-06,11.0,22.9430885507049
BANETTE,2022-04-07,22.0,18.04150328981732
BANETTE,2022-04-08,9.0,15.09868554583689
BANETTE,2022-04-09,30.0,26.330854333438474
BANETTE,2022-04-10,33.0,37.919066652239515
BANETTE,2022-04-11,29.0,23.841920767256457
BANETTE,2022-04-12,26.0,20.55875578748021
BANETTE,2022-04-13,19.0,21.644795709131227
BANETTE,2022-04-14,31.0,21.76493373116987
BANETTE,2022-04-15,40.0,28.68476136509146
BANETTE,2022-04-16,55.0,44.74000303742194
BANETTE,2022-04-17,35.0,46.385238044810826
BANETTE,2022-04-18,84.0,45.065323740343175
BANETTE,2022-04-19,30.0,45.13487631090844
BANETTE,2022-04-20,42.0,33.286368333913416
BANETTE,2022-04-21,47.0,38.179449616161655
BANETTE,2022-04-22,41.0,39.35907232972428
BANETTE,2022-04-23,36.0,60.02343904507526
BANETTE,2022-04-24,43.0,57.015212022795254
BANETTE,2022-04-25,26.0,27.328340027437157
BANETTE,2022-04-26,14.0,32.00321455890475
BANETTE,2022-04-27,23.0,30.1731815960367
BANETTE,2022-04-28,27.0,28.917504535551124
BANETTE,2022-04-29,27.0,20.941069904158187
BANETTE,2022-04-30,45.0,37.74708637969572
BANETTE,2022-05-01,59.0,44.311419432567284
BANETTE,2022-05-02,30.0,28.936028101539154
BANETTE,2022-05-03,16.0,30.135239555857225
BANETTE,2022-05-04,16.0,22.4730612241597
BANETTE,2022-05-05,36.0,27.208702294088347
BANETTE,2022-05-06,22.0,27.86647899685623
BANETTE,2022-05-07,35.0,35.16917417033368
BANETTE,2022-05-08,41.0,40.00301811668946
BANETTE,2022-05-09,24.0,24.84594945249985
BANETTE,2022-05-10,15.0,27.227297927686315
BANETTE,2022-05-11,14.0,29.13689927952031
BANETTE,2022-05-12,28.0,23.2203585909379
BANETTE,2022-05-13,30.0,22.067367477712885
BANETTE,2022-05-14,29.0,35.1131516989299
BANETTE,2022-05-15,38.0,32.6511313440663
BANETTE,2022-05-16,27.0,28.105362249428495
BANETTE,2022-05-17,22.0,28.253665147953285
BANETTE,2022-05-18,30.0,27.489088148577025
BANETTE,2022-05-19,34.0,31.78719316416351
BANETTE,2022-05-20,24.0,21.99705150241244
BANETTE,2022-05-21,39.0,32.27563922237724
BANETTE,2022-05-22,31.0,41.26165689856398
BANETTE,2022-05-23,24.0,26.259970348568466
BANETTE,2022-05-24,29.0,22.96051402868502
BANETTE,2022-05-25,40.0,26.585676907934115
BANETTE,2022-05-26,78.0,41.275113580153125
BANETTE,2022-05-27,77.0,46.80078204449506
BANETTE,2022-05-28,81.0,67.31384445851738
BANETTE,2022-05-29,104.0,75.23791728743115
BANETTE,2022-05-30,27.0,58.648770768408795
BANETTE,2022-05-31,19.0,51.00041140355957
BANETTE,2022-06-01,28.0,53.09672947318164
BANETTE,2022-06-02,29.0,44.70148565204282
BANETTE,2022-06-03,29.0,39.32538439369705
BANETTE,2022-06-04,49.0,49.31016361012149
BANETTE,2022-06-05,61.0,49.208491687607065
BANETTE,2022-06-06,42.0,40.63658149566806
BANETTE,2022-06-07,30.0,34.4422640392281
BANETTE,2022-06-08,29.0,26.368686480028167
BANETTE,2022-06-09,26.0,30.995329900787077
BANETTE,2022-06-10,17.0,29.862505500654127
BANETTE,2022-06-11,38.0,43.29276974216441
BANETTE,2022-06-12,36.0,44.42274639469291
BANETTE,2022-06-13,28.0,27.455636277570413
BANETTE,2022-06-14,28.0,25.11310830681298
BANETTE,2022-06-15,30.0,25.314802279363903
BANETTE,2022-06-16,20.0,28.838298329966307
BANETTE,2022-06-17,30.0,26.43019362527305
BANETTE,2022-06-18,40.0,41.972134832769804
BANETTE,2022-06-19,54.0,45.769348286403705
BANETTE,2022-06-20,33.0,27.67958307913592
BANETTE,2022-06-21,30.0,32.357952292292644
BANETTE,2022-06-22,29.0,27.592419425595253
BANETTE,2022-06-23,19.0,29.46977602891704
BANETTE,2022-06-24,24.0,28.167229051941845
BANETTE,2022-06-25,31.0,34.17759884695356
BANETTE,2022-06-26,36.0,40.17490120575401
BANETTE,2022-06-27,30.0,23.407217044530395
BANETTE,2022-06-28,31.0,28.58419357833646
BANETTE,2022-06-29,27.0,29.205369526685374
BANETTE,2022-06-30,24.0,21.154234492494258
BANETTE,2022-07-01,35.0,25.072877533428358
BANETTE,2022-07-02,36.0,41.32763591940348
BANETTE,2022-07-03,78.0,47.408352955361956
BANETTE,2022-07-04,42.0,35.65618858978137
BANETTE,2022-07-05,36.0,34.221620378813746
BANETTE,2022-07-06,41.0,36.391996141195975
BANETTE,2022-07-07,33.0,37.428914191571536
BANETTE,2022-07-08,45.0,37.10200759631683
BANETTE,2022-07-09,55.0,57.17074299924159
BANETTE,2022-07-10,74.0,66.97507834946754
BANETTE,2022-07-11,68.0,47.23972444552962
BANETTE,2022-07-12,33.0,44.05100937931648
BANETTE,2022-07-13,69.0,53.330662639850836
BANETTE,2022-07-14,104.0,66.17460229860927
BANETTE,2022-07-15,90.0,67.05485350895684
BANETTE,2022-07-16,118.0,84.76788329974428
BANETTE,2022-07-17,84.0,87.59027307560223
BANETTE,2022-07-18,54.0,76.05198576421888
BANETTE,2022-07-19,45.0,63.68204347441739
BANETTE,2022-07-20,36.0,66.9223358179559
BANETTE,2022-07-21,59.0,54.80883685782927
BANETTE,2022-07-22,59.0,63.33515544791855
BANETTE,2022-07-23,83.0,73.49160537834695
BANETTE,2022-07-24,87.0,81.40522514215493
BANETTE,2022-07-25,57.0,67.77662755445849
BANETTE,2022-07-26,60.0,54.802682335520345
BANETTE,2022-07-27,49.0,57.13572619245688
BANETTE,2022-07-28,72.0,58.23887766371209
BANETTE,2022-07-29,42.0,67.36976696365639
BANETTE,2022-07-30,40.0,75.84924383867255
BANETTE,2022-07-31,84.0,64.70135061205201
BANETTE,2022-08-01,73.0,65.80521691126214
BANETTE,2022-08-02,64.0,69.0448862472673
BANETTE,2022-08-03,65.0,60.13256293846896
BANETTE,2022-08-04,67.0,65.99558511064306
BANETTE,2022-08-05,85.0,65.58054925597799
BANETTE,2022-08-06,73.0,72.89353820003683
BANETTE,2022-08-07,69.0,82.27852679605994
BANETTE,2022-08-08,89.0,70.9257969419892
BANETTE,2022-08-09,46.0,74.85952486227191
BANETTE,2022-08-10,74.0,64.8952379387964
BANETTE,2022-08-11,74.0,72.97302473736119
BANETTE,2022-08-12,67.0,70.23932923944962
BANETTE,2022-08-13,85.0,85.63511560919285
BANETTE,2022-08-14,96.0,86.71584225138514
BANETTE,2022-08-15,84.0,68.36967977816424
BANETTE,2022-08-16,71.0,69.74228526674457
BANETTE,2022-08-17,39.0,72.30401818861345
BANETTE,2022-08-18,70.0,60.139052313822724
BANETTE,2022-08-19,60.0,73.19847082504475
BANETTE,2022-08-20,74.0,75.63779700765997
BANETTE,2022-08-21,73.0,74.35203523328227
BANETTE,2022-08-22,49.0,63.369317072885366
BANETTE,2022-08-23,67.0,58.46488567103768
BANETTE,2022-08-24,42.0,57.9637586695397
BANETTE,2022-08-25,37.0,60.39948731479331
BANETTE,2022-08-26,43.0,53.9331827097271
BANETTE,2022-08-27,51.0,66.669294785699
BANETTE,2022-08-28,48.0,60.07596217050338
BANETTE,2022-08-29,50.0,35.74790753551562
BANETTE,2022-08-30,39.0,41.92189593789936
BANETTE,2022-08-31,29.0,33.92689388088572
BANETTE,2022-09-01,29.0,37.902002076140974
BANETTE,2022-09-02,28.0,31.693478770946804
BANETTE,2022-09-03,43.0,45.23007139373979
BANETTE,2022-09-04,45.0,50.09435018566189
BANETTE,2022-09-05,30.0,33.450145010304055
BANETTE,2022-09-06,30.0,28.465043834731503
BANETTE,2022-09-07,14.0,25.184616388002993
BANETTE,2022-09-08,28.0,25.788694718226036
BANETTE,2022-09-09,25.0,22.819776872138522
BANETTE,2022-09-10,40.0,33.44175599195086
BANETTE,2022-09-11,38.0,40.16159330692494
BANETTE,2022-09-12,30.0,25.33780521600174
BANETTE,2022-09-13,17.0,26.26668316399033
BANETTE,2022-09-14,20.0,25.85396660050682
BANETTE,2022-09-15,24.0,25.12259707643463
BANETTE,2022-09-16,22.0,22.76558674084052
BANETTE,2022-09-17,25.0,33.918754811627835
BANETTE,2022-09-18,38.0,29.931638689712685
BANETTE,2022-09-19,38.0,22.30255399575163
BANETTE,2022-09-20,30.0,24.188676357385447
BANETTE,2022-09-21,17.0,26.157492514760193
BANETTE,2022-09-22,30.0,22.727457291708987
BANETTE,2022-09-23,30.0,26.244476594593245
BANETTE,2022-09-24,30.0,39.86468750495571
BANETTE,2022-09-25,30.0,42.92044185046639
BANETTE,2022-09-26,30.0,24.087082098751026
BANETTE,2022-09-27,30.0,24.330340480173348
BANETTE,2022-09-28,22.0,30.93206971683898
BANETTE,2022-09-29,30.0,23.650498259992915
BANETTE,2022-09-30,30.0,27.64935058225782
BANETTINE,2022-01-02,8.0,5.218186135584253
BANETTINE,2022-01-03,3.0,6.36290551046894
BANETTINE,2022-01-04,3.0,4.902076499144804
BANETTINE,2022-01-05,3.0,4.7516101243342055
BANETTINE,2022-01-06,3.0,3.7050583917989894
BANETTINE,2022-01-07,2.0,2.931810452908141
BANETTINE,2022-01-08,3.0,4.539103713642837
BANETTINE,2022-01-09,6.0,5.777791516906774
BANETTINE,2022-01-10,5.0,2.4147227148389283
BANETTINE,2022-01-11,7.0,3.5575878828170717
BANETTINE,2022-01-12,7.0,3.2593798732803743
BANETTINE,2022-01-13,3.0,3.3658333382590158
BANETTINE,2022-01-14,2.0,3.906580817177714
BANETTINE,2022-01-15,2.0,5.225316704168941
BANETTINE,2022-01-16,4.0,5.076879484183089
BANETTINE,2022-01-17,4.0,3.8475371253563724
BANETTINE,2022-01-18,3.0,3.3662315111871575
BANETTINE,2022-01-19,3.0,2.0002222871428814
BANETTINE,2022-01-20,3.0,2.90769815438616
BANETTINE,2022-01-21,2.0,3.266823295147886
BANETTINE,2022-01-22,5.0,5.34388598516726
BANETTINE,2022-01-23,5.0,4.603227819528083
BANETTINE,2022-01-24,3.0,2.5883953229462002
BANETTINE,2022-01-25,5.0,4.301311803055001
BANETTINE,2022-01-26,5.0,3.849365426131822
BANETTINE,2022-01-27,3.0,3.853933049672041
BANETTINE,2022-01-28,4.0,4.377909263409822
BANETTINE,2022-01-29,6.0,5.421754088521114
BANETTINE,2022-01-30,6.0,5.094278692847353
BANETTINE,2022-01-31,5.0,4.530587661646794
BANETTINE,2022-02-01,1.0,4.468198887096366
BANETTINE,2022-02-02,1.0,3.3902798516573087
BANETTINE,2022-02-03,2.0,3.621920520503153
BANETTINE,2022-02-04,6.0,3.9246844743175897
BANETTINE,2022-02-05,2.0,3.7159742711107375
BANETTINE,2022-02-06,5.0,3.654261642852613
BANETTINE,2022-02-07,4.0,2.673395259863426
BANETTINE,2022-02-08,5.0,3.1777805617631163
BANETTINE,2022-02-09,5.0,4.303356584038947
BANETTINE,2022-02-10,5.0,4.4026075682871575
BANETTINE,2022-02-11,5.0,4.332501750391133
BANETTINE,2022-02-12,6.0,5.124098843407232
BANETTINE,2022-02-13,6.0,5.421868467734446
BANETTINE,2022-02-14,6.0,4.8536327305248
BANETTINE,2022-02-15,6.0,5.191388685752408
BANETTINE,2022-02-16,6.0,6.3414542570867685
BANETTINE,2022-02-17,6.0,5.692427208439131
BANETTINE,2022-02-18,5.0,5.554618338756555
BANETTINE,2022-02-19,6.0,6.269999954262943
BANETTINE,2022-02-20,6.0,6.059838940068856
BANETTINE,2022-02-21,6.0,5.902238630185607
BANETTINE,2022-02-22,6.0,6.3268295727154165
BANETTINE,2022-02-23,6.0,6.088407222840985
BANETTINE,2022-02-24,4.0,5.482140616413243
BANETTINE,2022-02-25,6.0,6.333525082149268
BANETTINE,2022-02-26,6.0,5.835249088649143
BANETTINE,2022-02-27,6.0,6.033232399311457
BANETTINE,2022-02-28,6.0,5.750876782045937
BANETTINE,2022-03-01,4.0,5.661557339246594
BANETTINE,2022-03-02,6.0,5.9495877848947005
BANETTINE,2022-03-03,6.0,5.195186776306361
BANETTINE,2022-03-04,7.0,6.149494270344828
BANETTINE,2022-03-05,4.0,6.085440090461709
BANETTINE,2022-03-06,7.0,5.527168036153797
BANETTINE,2022-03-07,4.0,4.719739981621303
BANETTINE,2022-03-08,5.0,5.332018610050893
BANETTINE,2022-03-09,1.0,5.506571999083313
BANETTINE,2022-03-10,6.0,5.244360038304538
BANETTINE,2022-03-11,3.0,4.395646864520533
BANETTINE,2022-03-12,6.0,4.545648993080317
BANETTINE,2022-03-13,6.0,5.107333040271303
BANETTINE,2022-03-14,2.0,3.1626421559978244
BANETTINE,2022-03-15,3.0,3.627219538435572
BANETTINE,2022-03-16,3.0,3.808065232099685
BANETTINE,2022-03-17,6.0,4.0463206941076795
BANETTINE,2022-03-18,2.0,3.045930412752405
BANETTINE,2022-03-19,2.0,4.858496333737659
BANETTINE,2022-03-20,3.0,3.876967767221046
BANETTINE,2022-03-21,6.0,3.338105828062735
BANETTINE,2022-03-22,5.0,3.241954192256756
BANETTINE,2022-03-23,2.0,2.8570004175067987
BANETTINE,2022-03-24,2.0,2.504331626331282
BANETTINE,2022-03-25,6.0,2.9728855743051037
BANETTINE,2022-03-26,5.0,3.4616323321345415
BANETTINE,2022-03-27,6.0,4.453735054085266
BANETTINE,2022-03-28,5.0,3.735398672952904
BANETTINE,2022-03-29,5.0,4.302836502199801
BANETTINE,2022-03-30,6.0,4.095087978653669
BANETTINE,2022-03-31,4.0,5.384189472360764
BANETTINE,2022-04-01,6.0,4.978376070697628
BANETTINE,2022-04-02,4.0,4.63157600316767
BANETTINE,2022-04-03,6.0,5.742854873462241
BANETTINE,2022-04-04,3.0,5.197851197518544
BANETTINE,2022-04-05,6.0,5.008182920180335
BANETTINE,2022-04-06,5.0,5.034752084713964
BANETTINE,2022-04-07,6.0,4.081411925085095
BANETTINE,2022-04-08,6.0,6.510933109897547
BANETTINE,2022-04-09,6.0,4.527546966894066
BANETTINE,2022-04-10,6.0,6.036059697490553
BANETTINE,2022-04-11,4.0,4.572524004977829
BANETTINE,2022-04-12,2.0,4.565454818932365
BANETTINE,2022-04-13,5.0,5.528151637292703
BANETTINE,2022-04-14,6.0,4.872137077814604
BANETTINE,2022-04-15,6.0,3.7379243144578873
BANETTINE,2022-04-16,7.0,5.887397723717173
BANETTINE,2022-04-17,3.0,4.8755894748184225
BANETTINE,2022-04-18,5.0,5.155527671235475
BANETTINE,2022-04-19,6.0,6.0075800987414105
BANETTINE,2022-04-20,7.0,5.64098154389205
BANETTINE,2022-04-21,6.0,5.6384078714311165
BANETTINE,2022-04-22,6.0,5.592907426137196
BANETTINE,2022-04-23,6.0,5.757004099953306
BANETTINE,2022-04-24,4.0,5.648986270818464
BANETTINE,2022-04-25,6.0,6.289041629205067
BANETTINE,2022-04-26,3.0,5.860084997542521
BANETTINE,2022-04-27,7.0,5.953629755767736
BANETTINE,2022-04-28,3.0,4.011165916644939
BANETTINE,2022-04-29,4.0,4.372200711120274
BANETTINE,2022-04-30,6.0,5.774164152458982
BANETTINE,2022-05-01,6.0,5.113256943227198
BANETTINE,2022-05-02,6.0,5.389245842768826
BANETTINE,2022-05-03,3.0,3.8195628392008185
BANETTINE,2022-05-04,3.0,5.349431556815866
BANETTINE,2022-05-05,7.0,4.8295392849834
BANETTINE,2022-05-06,6.0,4.334037852890035
BANETTINE,2022-05-07,4.0,4.847868801411205
BANETTINE,2022-05-08,6.0,5.223288322828805
BANETTINE,2022-05-09,4.0,4.025898605999116
BANETTINE,2022-05-10,1.0,4.961470247918184
BANETTINE,2022-05-11,4.0,5.8835158650072374
BANETTINE,2022-05-12,6.0,4.733271189404825
BANETTINE,2022-05-13,6.0,3.735398672952904
BANETTINE,2022-05-14,6.0,4.580789736523652
BANETTINE,2022-05-15,6.0,4.623829291423191
BANETTINE,2022-05-16,5.0,4.066067800707371
BANETTINE,2022-05-17,5.0,5.72786911479951
BANETTINE,2022-05-18,5.0,5.858114238700126
BANETTINE,2022-05-19,3.0,5.4193430650274435
BANETTINE,2022-05-20,2.0,5.003297054915361
BANETTINE,2022-05-21,6.0,5.771888860975053
BANETTINE,2022-05-22,6.0,5.077645183937909
BANETTINE,2022-05-23,5.0,4.174507403275687
BANETTINE,2022-05-24,6.0,4.6413415215128015
BANETTINE,2022-05-25,6.0,4.149442737929554
BANETTINE,2022-05-26,6.0,5.057339343530496
BANETTINE,2022-05-27,6.0,5.886112889070268
BANETTINE,2022-05-28,6.0,6.131669113904373
BANETTINE,2022-05-29,5.0,6.00335154219666
BANETTINE,2022-05-30,6.0,5.956056168437624
BANETTINE,2022-05-31,6.0,5.774539857204631
BANETTINE,2022-06-01,3.0,5.00849614436447
BANETTINE,2022-06-02,6.0,5.461269319940902
BANETTINE,2022-06-03,4.0,4.666356674894327
BANETTINE,2022-06-04,5.0,5.01434099925112
BANETTINE,2022-06-05,6.0,4.94839430285974
BANETTINE,2022-06-06,6.0,4.454582664668697
BANETTINE,2022-06-07,5.0,5.688082926284192
BANETTINE,2022-06-08,6.0,5.35179506592151
BANETTINE,2022-06-09,2.0,4.30736618422573
BANETTINE,2022-06-10,6.0,6.0569803656521035
BANETTINE,2022-06-11,6.0,5.581223362616172
BANETTINE,2022-06-12,6.0,5.584537307773542
BANETTINE,2022-06-13,4.0,5.051874634289856
BANETTINE,2022-06-14,6.0,5.306334154246789
BANETTINE,2022-06-15,5.0,4.453414435121735
BANETTINE,2022-06-16,6.0,6.435693292454351
BANETTINE,2022-06-17,6.0,4.087222759924137
BANETTINE,2022-06-18,5.0,4.21301170439321
BANETTINE,2022-06-19,6.0,5.794199841769255
BANETTINE,2022-06-20,4.0,3.659015858281122
BANETTINE,2022-06-21,4.0,5.782763992699254
BANETTINE,2022-06-22,3.0,5.1329956448162175
BANETTINE,2022-06-23,4.0,4.88709495481718
BANETTINE,2022-06-24,5.0,4.442159421931577
BANETTINE,2022-06-25,3.0,3.928359329990207
BANETTINE,2022-06-26,5.0,4.929134692562814
BANETTINE,2022-06-27,6.0,4.252081388754376
BANETTINE,2022-06-28,6.0,3.9995431228287006
BANETTINE,2022-06-29,5.0,3.9898729239702915
BANETTINE,2022-06-30,6.0,4.43948241450455
BANETTINE,2022-07-01,1.0,4.45104529094742
BANETTINE,2022-07-02,6.0,5.910538916783947
BANETTINE,2022-07-03,6.0,5.828091826383049
BANETTINE,2022-07-04,6.0,4.783257926733807
BANETTINE,2022-07-05,6.0,4.783257926733807
BANETTINE,2022-07-06,6.0,5.155959940628071
BANETTINE,2022-07-07,6.0,5.140319119986018
BANETTINE,2022-07-08,6.0,6.226084869079005
BANETTINE,2022-07-09,6.0,6.140902895415526
BANETTINE,2022-07-10,6.0,6.328452965874425
BANETTINE,2022-07-11,6.0,5.906699530033126
BANETTINE,2022-07-12,6.0,4.584345293771848
BANETTINE,2022-07-13,6.0,4.584345293771848
BANETTINE,2022-07-14,10.0,5.254566870457133
BANETTINE,2022-07-15,5.0,6.445796196353232
BANETTINE,2022-07-16,9.0,6.7582598823494076
BANETTINE,2022-07-17,10.0,6.26621010058497
BANETTINE,2022-07-18,10.0,6.176242278406852
BANETTINE,2022-07-19,10.0,6.176242278406852
BANETTINE,2022-07-20,6.0,7.717801862760314
BANETTINE,2022-07-21,7.0,6.59527442688337
BANETTINE,2022-07-22,10.0,7.247943866933827
BANETTINE,2022-07-23,8.0,7.755773261071221
BANETTINE,2022-07-24,8.0,6.497079033875729
BANETTINE,2022-07-25,10.0,7.66043303217139
BANETTINE,2022-07-26,8.0,7.0269720937932565
BANETTINE,2022-07-27,9.0,7.174157719833645
BANETTINE,2022-07-28,10.0,6.952855289610195
BANETTINE,2022-07-29,6.0,6.77477349078174
BANETTINE,2022-07-30,10.0,6.709029381601347
BANETTINE,2022-07-31,7.0,7.498420782652905
BANETTINE,2022-08-01,9.0,7.009114699169283
BANETTINE,2022-08-02,6.0,7.025586209631083
BANETTINE,2022-08-03,9.0,5.611575093318474
BANETTINE,2022-08-04,8.0,7.932659061773697
BANETTINE,2022-08-05,9.0,8.03588535397626
BANETTINE,2022-08-06,10.0,7.08051193600498
BANETTINE,2022-08-07,10.0,7.132984521795411
BANETTINE,2022-08-08,10.0,6.728724714560335
BANETTINE,2022-08-09,7.0,6.176242278406852
BANETTINE,2022-08-10,6.0,5.820461734991261
BANETTINE,2022-08-11,10.0,5.675997417679532
BANETTINE,2022-08-12,10.0,5.917545473506481
BANETTINE,2022-08-13,10.0,6.4850059405494775
BANETTINE,2022-08-14,10.0,7.932049066633312
BANETTINE,2022-08-15,8.0,6.9746827490476715
BANETTINE,2022-08-16,10.0,7.007191101692941
BANETTINE,2022-08-17,10.0,7.783027327588291
BANETTINE,2022-08-18,9.0,7.613532478032748
BANETTINE,2022-08-19,8.0,7.387435888499345
BANETTINE,2022-08-20,7.0,7.1112156450055615
BANETTINE,2022-08-21,10.0,7.311308934633255
BANETTINE,2022-08-22,6.0,6.959088405053565
BANETTINE,2022-08-23,2.0,6.817807327320547
BANETTINE,2022-08-24,6.0,5.4874157865344495
BANETTINE,2022-08-25,2.0,5.2216567437036305
BANETTINE,2022-08-26,7.0,7.324126316327643
BANETTINE,2022-08-27,7.0,6.022186464337667
BANETTINE,2022-08-28,6.0,6.280863618403572
BANETTINE,2022-08-29,6.0,4.738790130623957
BANETTINE,2022-08-30,6.0,6.008722795813012
BANETTINE,2022-08-31,5.0,5.734093408180967
BANETTINE,2022-09-01,5.0,6.975694081707095
BANETTINE,2022-09-02,6.0,6.099971643902965
BANETTINE,2022-09-03,5.0,5.771742471634773
BANETTINE,2022-09-04,6.0,5.857515681037423
BANETTINE,2022-09-05,7.0,6.139507459656218
BANETTINE,2022-09-06,3.0,5.035959095141619
BANETTINE,2022-09-07,3.0,5.254879429346102
BANETTINE,2022-09-08,3.0,5.224992313018155
BANETTINE,2022-09-09,6.0,5.028993841351393
BANETTINE,2022-09-10,6.0,4.464978988543796
BANETTINE,2022-09-11,6.0,5.609270121236812
BANETTINE,2022-09-12,4.0,4.161529288972564
BANETTINE,2022-09-13,3.0,4.3683405423295625
BANETTINE,2022-09-14,5.0,4.819166563740723
BANETTINE,2022-09-15,1.0,4.325938627636007
BANETTINE,2022-09-16,4.0,4.110190349588003
BANETTINE,2022-09-17,5.0,4.960707482500201
BANETTINE,2022-09-18,6.0,4.252398496428745
BANETTINE,2022-09-19,6.0,3.6027944795524958
BANETTINE,2022-09-20,5.0,3.565564561053477
BANETTINE,2022-09-21,5.0,4.319203398453039
BANETTINE,2022-09-22,5.0,5.670600029342203
BANETTINE,2022-09-23,6.0,5.697228111227669
BANETTINE,2022-09-24,5.0,5.1429302290592505
BANETTINE,2022-09-25,6.0,6.301120255930035
BANETTINE,2022-09-26,6.0,5.836307977545774
BANETTINE,2022-09-27,4.0,4.511722415045264
BANETTINE,2022-09-28,6.0,5.3647721210273875
BANETTINE,2022-09-29,6.0,5.415788054252014
BANETTINE,2022-09-30,5.0,5.3534640010536485
BOULE 200G,2022-01-02,6.0,5.725534093551991
BOULE 200G,2022-01-03,3.0,4.148638239769914
BOULE 200G,2022-01-04,3.0,2.4958902661981877
BOULE 200G,2022-01-05,3.0,3.6007541543567836
BOULE 200G,2022-01-06,3.0,2.7991084083269535
BOULE 200G,2022-01-07,3.0,3.350175705754222
BOULE 200G,2022-01-08,1.0,3.4447340757702665
BOULE 200G,2022-01-09,4.0,4.289274072701832
BOULE 200G,2022-01-10,3.0,2.8074609508582387
BOULE 200G,2022-01-11,3.0,2.1212808127006273
BOULE 200G,2022-01-12,3.0,2.1212808127006273
BOULE 200G,2022-01-13,2.0,1.9556607067299758
BOULE 200G,2022-01-14,4.0,2.666616598544742
BOULE 200G,2022-01-15,2.0,2.801759943283449
BOULE 200G,2022-01-16,6.0,3.3122198294150937
BOULE 200G,2022-01-17,3.0,4.067446388969553
BOULE 200G,2022-01-18,3.0,2.2520270603581194
BOULE 200G,2022-01-19,3.0,2.900601135126629
BOULE 200G,2022-01-20,3.0,3.1499099762890137
BOULE 200G,2022-01-21,3.0,3.760218150312399
BOULE 200G,2022-01-22,2.0,3.9497864811182737
BOULE 200G,2022-01-23,8.0,4.8296518008552445
BOULE 200G,2022-01-24,3.0,3.3612979154761295
BOULE 200G,2022-01-25,5.0,4.453962209630338
BOULE 200G,2022-01-26,5.0,3.306111745522434
BOULE 200G,2022-01-27,2.0,3.178736794311242
BOULE 200G,2022-01-28,2.0,3.571699608449463
BOULE 200G,2022-01-29,4.0,3.738362235022832
BOULE 200G,2022-01-30,6.0,4.944142330300395
BOULE 200G,2022-01-31,1.0,3.2371363602397416
BOULE 200G,2022-02-01,4.0,2.397352238425543
BOULE 200G,2022-02-02,4.0,2.486477233879513
BOULE 200G,2022-02-03,2.0,2.793459303616711
BOULE 200G,2022-02-04,2.0,2.600054971194497
BOULE 200G,2022-02-05,3.0,3.0958410002103705
BOULE 200G,2022-02-06,7.0,4.043281923672459
BOULE 200G,2022-02-07,3.0,4.073426179252131
BOULE 200G,2022-02-08,2.0,1.8307564206967624
BOULE 200G,2022-02-09,2.0,2.0876761837449918
BOULE 200G,2022-02-10,6.0,3.6135287124531654
BOULE 200G,2022-02-11,2.0,4.531007615925726
BOULE 200G,2022-02-12,3.0,4.4014546366966725
BOULE 200G,2022-02-13,6.0,3.561697524999384
BOULE 200G,2022-02-14,2.0,3.480464043783683
BOULE 200G,2022-02-15,8.0,3.156938234016244
BOULE 200G,2022-02-16,8.0,4.895852935701225
BOULE 200G,2022-02-17,6.0,2.9303522418975967
BOULE 200G,2022-02-18,2.0,5.277263436439278
BOULE 200G,2022-02-19,6.0,6.493986788013519
BOULE 200G,2022-02-20,3.0,5.9803634695302765
BOULE 200G,2022-02-21,6.0,5.4698408180601605
BOULE 200G,2022-02-22,6.0,4.503131595841337
BOULE 200G,2022-02-23,6.0,4.2719750506908785
BOULE 200G,2022-02-24,6.0,4.473195298305577
BOULE 200G,2022-02-25,1.0,4.542694161064624
BOULE 200G,2022-02-26,3.0,5.454787054826016
BOULE 200G,2022-02-27,6.0,5.6840438750503655
BOULE 200G,2022-02-28,4.0,4.269644353400447
BOULE 200G,2022-03-01,4.0,3.6350315344538746
BOULE 200G,2022-03-02,6.0,3.8783434499069074
BOULE 200G,2022-03-03,4.0,3.8379493851603987
BOULE 200G,2022-03-04,6.0,4.657868316889756
BOULE 200G,2022-03-05,4.0,5.948207616502091
BOULE 200G,2022-03-06,6.0,6.748492562191993
BOULE 200G,2022-03-07,3.0,5.248954074726188
BOULE 200G,2022-03-08,3.0,3.829393509350963
BOULE 200G,2022-03-09,1.0,3.950442380353351
BOULE 200G,2022-03-10,1.0,3.110746040744445
BOULE 200G,2022-03-11,2.0,0.9760024012388162
BOULE 200G,2022-03-12,6.0,3.8759476686416336
BOULE 200G,2022-03-13,6.0,4.526829195870434
BOULE 200G,2022-03-14,3.0,3.4124512803143205
BOULE 200G,2022-03-15,3.0,2.442123705231792
BOULE 200G,2022-03-16,2.0,3.74443865857035
BOULE 200G,2022-03-17,4.0,3.297402507298398
BOULE 200G,2022-03-18,5.0,4.070027425873054
BOULE 200G,2022-03-19,3.0,5.273202305696404
BOULE 200G,2022-03-20,5.0,3.8282003017847757
BOULE 200G,2022-03-21,6.0,2.883060185690807
BOULE 200G,2022-03-22,3.0,3.4600390104922925
BOULE 200G,2022-03-23,1.0,3.2866696598158827
BOULE 200G,2022-03-24,1.0,1.946475697862879
BOULE 200G,2022-03-25,2.0,2.2263001115498406
BOULE 200G,2022-03-26,2.0,3.705349346833341
BOULE 200G,2022-03-27,6.0,2.223481878255029
BOULE 200G,2022-03-28,5.0,2.630658944904113
BOULE 200G,2022-03-29,2.0,3.017022325683296
BOULE 200G,2022-03-30,2.0,3.3837273700646104
BOULE 200G,2022-03-31,1.0,3.786578753023065
BOULE 200G,2022-04-01,2.0,3.486898915993746
BOULE 200G,2022-04-02,2.0,2.7965680750764452
BOULE 200G,2022-04-03,6.0,2.907793013368413
BOULE 200G,2022-04-04,2.0,2.970967179945723
BOULE 200G,2022-04-05,5.0,2.3793746629934853
BOULE 200G,2022-04-06,1.0,3.0877386349952167
BOULE 200G,2022-04-07,4.0,5.022676855368552
BOULE 200G,2022-04-08,1.0,3.5819909481635688
BOULE 200G,2022-04-09,4.0,3.6998872826663884
BOULE 200G,2022-04-10,6.0,4.229677949255849
BOULE 200G,2022-04-11,5.0,3.3303382139471083
BOULE 200G,2022-04-12,3.0,1.8348023079246683
BOULE 200G,2022-04-13,4.0,4.091345145784654
BOULE 200G,2022-04-14,6.0,3.6065938703331497
BOULE 200G,2022-04-15,6.0,5.166538418218398
BOULE 200G,2022-04-16,8.0,6.947949874196541
BOULE 200G,2022-04-17,1.0,4.745503534013837
BOULE 200G,2022-04-18,6.0,5.833607048317129
BOULE 200G,2022-04-19,6.0,4.2868278478233295
BOULE 200G,2022-04-20,6.0,4.825629139474449
BOULE 200G,2022-04-21,6.0,5.141315623503365
BOULE 200G,2022-04-22,1.0,4.40986511058378
BOULE 200G,2022-04-23,2.0,7.219619871191015
BOULE 200G,2022-04-24,6.0,5.526240040629895
BOULE 200G,2022-04-25,2.0,4.538159798518281
BOULE 200G,2022-04-26,2.0,3.2854022136176058
BOULE 200G,2022-04-27,4.0,2.8046884574158604
BOULE 200G,2022-04-28,7.0,2.4021348951355623
BOULE 200G,2022-04-29,6.0,5.485923546610442
BOULE 200G,2022-04-30,6.0,5.542585353068946
BOULE 200G,2022-05-01,6.0,5.533050464449069
BOULE 200G,2022-05-02,5.0,4.80338251082261
BOULE 200G,2022-05-03,3.0,4.695861791381314
BOULE 200G,2022-05-04,3.0,5.2962633800405
BOULE 200G,2022-05-05,1.0,4.536079965184685
BOULE 200G,2022-05-06,5.0,4.20658229993771
BOULE 200G,2022-05-07,3.0,5.092939993591556
BOULE 200G,2022-05-08,6.0,4.27032432424902
BOULE 200G,2022-05-09,3.0,2.490309397507024
BOULE 200G,2022-05-10,2.0,1.8542210912947867
BOULE 200G,2022-05-11,3.0,1.5683013142225017
BOULE 200G,2022-05-12,3.0,2.772906686350312
BOULE 200G,2022-05-13,6.0,3.02136000660623
BOULE 200G,2022-05-14,4.0,4.4230358944769055
BOULE 200G,2022-05-15,6.0,4.949647016970176
BOULE 200G,2022-05-16,3.0,2.890657061388775
BOULE 200G,2022-05-17,3.0,2.692210520305647
BOULE 200G,2022-05-18,1.0,2.347660219631904
BOULE 200G,2022-05-19,3.0,2.1923099401121267
BOULE 200G,2022-05-20,5.0,2.9155780916129928
BOULE 200G,2022-05-21,5.0,4.199250564458451
BOULE 200G,2022-05-22,6.0,5.28974487298951
BOULE 200G,2022-05-23,1.0,2.9830330477280316
BOULE 200G,2022-05-24,6.0,4.424956965075802
BOULE 200G,2022-05-25,6.0,4.537337857216441
BOULE 200G,2022-05-26,6.0,4.230828972322754
BOULE 200G,2022-05-27,8.0,5.460569090361268
BOULE 200G,2022-05-28,7.0,6.744535487567859
BOULE 200G,2022-05-29,9.0,7.18144209085588
BOULE 200G,2022-05-30,6.0,6.760310642003378
BOULE 200G,2022-05-31,5.0,5.970757201780796
BOULE 200G,2022-06-01,3.0,5.168198860169773
BOULE 200G,2022-06-02,2.0,6.079980503701767
BOULE 200G,2022-06-03,5.0,6.58240241829123
BOULE 200G,2022-06-04,7.0,6.4943461598567644
BOULE 200G,2022-06-05,8.0,7.003813320484898
BOULE 200G,2022-06-06,8.0,4.879582448743161
BOULE 200G,2022-06-07,2.0,4.376755715396938
BOULE 200G,2022-06-08,6.0,7.088863689147289
BOULE 200G,2022-06-09,4.0,4.947553908926726
BOULE 200G,2022-06-10,7.0,6.261816546628982
BOULE 200G,2022-06-11,8.0,6.352132180945357
BOULE 200G,2022-06-12,8.0,6.520955746430629
BOULE 200G,2022-06-13,8.0,4.021093584973008
BOULE 200G,2022-06-14,4.0,5.951854462563098
BOULE 200G,2022-06-15,3.0,6.9019819862659935
BOULE 200G,2022-06-16,4.0,5.724570846229897
BOULE 200G,2022-06-17,6.0,6.813524974656519
BOULE 200G,2022-06-18,8.0,6.414514952967087
BOULE 200G,2022-06-19,8.0,7.845505388701412
BOULE 200G,2022-06-20,2.0,3.893470437353228
BOULE 200G,2022-06-21,8.0,5.239564501990739
BOULE 200G,2022-06-22,5.0,4.713182076452242
BOULE 200G,2022-06-23,7.0,6.279532504115446
BOULE 200G,2022-06-24,4.0,6.069517954428772
BOULE 200G,2022-06-25,4.0,6.367087878929032
BOULE 200G,2022-06-26,8.0,7.08517759776641
BOULE 200G,2022-06-27,7.0,6.604516384638681
BOULE 200G,2022-06-28,3.0,4.4169155401299145
BOULE 200G,2022-06-29,1.0,5.064339098540417
BOULE 200G,2022-06-30,7.0,5.121983211089545
BOULE 200G,2022-07-01,8.0,4.322433436920301
BOULE 200G,2022-07-02,5.0,7.075860285576949
BOULE 200G,2022-07-03,8.0,6.350865336762314
BOULE 200G,2022-07-04,7.0,4.996703552518637
BOULE 200G,2022-07-05,8.0,5.76130910115135
BOULE 200G,2022-07-06,4.0,7.150298325794163
BOULE 200G,2022-07-07,9.0,5.582926337449264
BOULE 200G,2022-07-08,8.0,6.353872924124349
BOULE 200G,2022-07-09,7.0,8.987172375353984
BOULE 200G,2022-07-10,15.0,7.567272510134021
BOULE 200G,2022-07-11,11.0,8.996521310430317
BOULE 200G,2022-07-12,6.0,9.682043247241985
BOULE 200G,2022-07-13,9.0,8.124507511945627
BOULE 200G,2022-07-14,12.0,7.923218707387679
BOULE 200G,2022-07-15,20.0,8.89624564491625
BOULE 200G,2022-07-16,12.0,9.917799715234132
BOULE 200G,2022-07-17,15.0,8.159609715716872
BOULE 200G,2022-07-18,9.0,8.212317939031792
BOULE 200G,2022-07-19,11.0,9.51220835228428
BOULE 200G,2022-07-20,12.0,7.805020240065451
BOULE 200G,2022-07-21,8.0,7.307209310539429
BOULE 200G,2022-07-22,8.0,6.767174077748365
BOULE 200G,2022-07-23,9.0,8.413960780387512
BOULE 200G,2022-07-24,10.0,7.780603682530117
BOULE 200G,2022-07-25,12.0,8.73855260377119
BOULE 200G,2022-07-26,8.0,7.837801353804714
BOULE 200G,2022-07-27,11.0,6.664617173960333
BOULE 200G,2022-07-28,10.0,9.194406298481667
BOULE 200G,2022-07-29,1.0,8.478599952368949
BOULE 200G,2022-07-30,12.0,8.086789517863298
BOULE 200G,2022-07-31,11.0,8.640315040124158
BOULE 200G,2022-08-01,12.0,7.430479290950171
BOULE 200G,2022-08-02,11.0,9.847212061699938
BOULE 200G,2022-08-03,5.0,7.8938995639639025
BOULE 200G,2022-08-04,6.0,7.398241365244733
BOULE 200G,2022-08-05,6.0,9.372234962283779
BOULE 200G,2022-08-06,12.0,7.215577912771675
BOULE 200G,2022-08-07,12.0,8.66400277722623
BOULE 200G,2022-08-08,12.0,7.082092726666859
BOULE 200G,2022-08-09,12.0,8.25378260766084
BOULE 200G,2022-08-10,7.0,9.619243517709755
BOULE 200G,2022-08-11,6.0,8.507041455333963
BOULE 200G,2022-08-12,12.0,8.525616683733269
BOULE 200G,2022-08-13,12.0,8.128820223824361
BOULE 200G,2022-08-14,12.0,8.089717655089459
BOULE 200G,2022-08-15,12.0,7.16013105176288
BOULE 200G,2022-08-16,11.0,6.823999416650136
BOULE 200G,2022-08-17,11.0,8.294694913451586
BOULE 200G,2022-08-18,12.0,8.555647315651198
BOULE 200G,2022-08-19,11.0,7.662851629096438
BOULE 200G,2022-08-20,12.0,7.918290820019928
BOULE 200G,2022-08-21,12.0,8.006389039822661
BOULE 200G,2022-08-22,9.0,7.273539164747556
BOULE 200G,2022-08-23,9.0,7.721754090539701
BOULE 200G,2022-08-24,10.0,7.9114560607321405
BOULE 200G,2022-08-25,8.0,7.722322960766092
BOULE 200G,2022-08-26,7.0,7.71794965777301
BOULE 200G,2022-08-27,9.0,7.2328737307238935
BOULE 200G,2022-08-28,12.0,7.712217708340069
BOULE 200G,2022-08-29,8.0,8.163306684305413
BOULE 200G,2022-08-30,8.0,8.798193962094143
BOULE 200G,2022-08-31,6.0,6.436999723911449
BOULE 200G,2022-09-01,6.0,7.227833131668538
BOULE 200G,2022-09-02,5.0,7.709541332509125
BOULE 200G,2022-09-03,8.0,7.965757595216093
BOULE 200G,2022-09-04,7.0,7.775896468678962
BOULE 200G,2022-09-05,7.0,5.874290310892739
BOULE 200G,2022-09-06,8.0,5.134209113420402
BOULE 200G,2022-09-07,6.0,6.543668265346107
BOULE 200G,2022-09-08,5.0,7.048020861782794
BOULE 200G,2022-09-09,6.0,7.091071102223998
BOULE 200G,2022-09-10,8.0,8.87896496361935
BOULE 200G,2022-09-11,9.0,7.144000212085995
BOULE 200G,2022-09-12,4.0,6.0619646493495924
BOULE 200G,2022-09-13,6.0,6.94748677426457
BOULE 200G,2022-09-14,7.0,6.508793678840004
BOULE 200G,2022-09-15,5.0,6.9604233272128155
BOULE 200G,2022-09-16,3.0,5.897063267411751
BOULE 200G,2022-09-17,2.0,6.909611071320031
BOULE 200G,2022-09-18,8.0,7.4954136466234464
BOULE 200G,2022-09-19,8.0,4.666759590955664
BOULE 200G,2022-09-20,8.0,5.3334385873857295
BOULE 200G,2022-09-21,1.0,3.683353628254201
BOULE 200G,2022-09-22,6.0,5.5170402779171255
BOULE 200G,2022-09-23,6.0,4.533250724801783
BOULE 200G,2022-09-24,6.0,8.751330800701446
BOULE 200G,2022-09-25,8.0,6.9879977469158625
BOULE 200G,2022-09-26,6.0,5.949971482962353
BOULE 200G,2022-09-27,8.0,4.95340808678634
BOULE 200G,2022-09-28,6.0,7.996768781741867
BOULE 200G,2022-09-29,7.0,6.696770311182971
BOULE 200G,2022-09-30,8.0,5.97941205609252
BOULE 400G,2022-01-02,12.0,12.67323421856182
BOULE 400G,2022-01-03,5.0,7.71168494730388
BOULE 400G,2022-01-04,3.0,3.0038251052816927
BOULE 400G,2022-01-05,3.0,5.877321802464304
BOULE 400G,2022-01-06,4.0,4.021068718022823
BOULE 400G,2022-01-07,6.0,5.295842959427276
BOULE 400G,2022-01-08,6.0,7.069106816054714
BOULE 400G,2022-01-09,8.0,7.670485147000814
BOULE 400G,2022-01-10,1.0,5.1508245968858715
BOULE 400G,2022-01-11,6.0,5.5490358387045084
BOULE 400G,2022-01-12,6.0,6.010011070002928
BOULE 400G,2022-01-13,2.0,5.539708684924767
BOULE 400G,2022-01-14,2.0,5.467047011836097
BOULE 400G,2022-01-15,5.0,6.5140279241293495
BOULE 400G,2022-01-16,6.0,2.6236246192033175
BOULE 400G,2022-01-17,1.0,4.182626906542755
BOULE 400G,2022-01-18,1.0,4.814251868612439
BOULE 400G,2022-01-19,1.0,5.045947224972602
BOULE 400G,2022-01-20,3.0,5.413098595934656
BOULE 400G,2022-01-21,2.0,3.773932472450328
BOULE 400G,2022-01-22,2.0,5.957763082764783
BOULE 400G,2022-01-23,6.0,5.448098561192748
BOULE 400G,2022-01-24,6.0,4.031753267506449
BOULE 400G,2022-01-25,4.0,3.711572803706437
BOULE 400G,2022-01-26,4.0,3.830861266385205
BOULE 400G,2022-01-27,4.0,4.046020349815341
BOULE 400G,2022-01-28,2.0,4.30191536922152
BOULE 400G,2022-01-29,1.0,5.54023607009524
BOULE 400G,2022-01-30,6.0,5.6996317866671244
BOULE 400G,2022-01-31,3.0,3.809309306750685
BOULE 400G,2022-02-01,4.0,2.7459270555611326
BOULE 400G,2022-02-02,4.0,2.834493311313926
BOULE 400G,2022-02-03,4.0,3.5537421494226162
BOULE 400G,2022-02-04,3.0,3.354254209010014
BOULE 400G,2022-02-05,7.0,5.078243573056639
BOULE 400G,2022-02-06,13.0,5.209979547949917
BOULE 400G,2022-02-07,6.0,5.652260892941461
BOULE 400G,2022-02-08,4.0,4.520712270336489
BOULE 400G,2022-02-09,4.0,5.609577777049523
BOULE 400G,2022-02-10,6.0,6.816214466752701
BOULE 400G,2022-02-11,3.0,6.172445206088174
BOULE 400G,2022-02-12,6.0,7.337551339401276
BOULE 400G,2022-02-13,12.0,7.574437090595237
BOULE 400G,2022-02-14,2.0,5.891495735148843
BOULE 400G,2022-02-15,11.0,5.303642098386035
BOULE 400G,2022-02-16,11.0,7.1509243844974115
BOULE 400G,2022-02-17,8.0,8.278546529684482
BOULE 400G,2022-02-18,9.0,6.693364020478098
BOULE 400G,2022-02-19,10.0,15.715567386715875
BOULE 400G,2022-02-20,13.0,16.232046674720575
BOULE 400G,2022-02-21,8.0,6.260019376832375
BOULE 400G,2022-02-22,8.0,7.441097899700321
BOULE 400G,2022-02-23,8.0,7.053614673702404
BOULE 400G,2022-02-24,12.0,7.603128971892665
BOULE 400G,2022-02-25,10.0,7.420107016140116
BOULE 400G,2022-02-26,9.0,15.053885432728556
BOULE 400G,2022-02-27,18.0,13.759374323368808
BOULE 400G,2022-02-28,8.0,5.28795309186771
BOULE 400G,2022-03-01,8.0,6.616080842747877
BOULE 400G,2022-03-02,2.0,7.1449611428563315
BOULE 400G,2022-03-03,6.0,6.855404191687956
BOULE 400G,2022-03-04,7.0,6.12688542757911
BOULE 400G,2022-03-05,10.0,12.416609159710534
BOULE 400G,2022-03-06,13.0,10.82195391287677
BOULE 400G,2022-03-07,9.0,7.254033267559606
BOULE 400G,2022-03-08,6.0,7.485531282941062
BOULE 400G,2022-03-09,3.0,5.965764111838842
BOULE 400G,2022-03-10,4.0,8.012790958962713
BOULE 400G,2022-03-11,5.0,5.463594997868288
BOULE 400G,2022-03-12,6.0,7.626875699489385
BOULE 400G,2022-03-13,10.0,7.2092992013957735
BOULE 400G,2022-03-14,3.0,4.386043708189398
BOULE 400G,2022-03-15,4.0,5.392029961963264
BOULE 400G,2022-03-16,3.0,5.150237679203816
BOULE 400G,2022-03-17,5.0,4.403353872524719
BOULE 400G,2022-03-18,3.0,4.249563078309552
BOULE 400G,2022-03-19,4.0,7.2299912166196245
BOULE 400G,2022-03-20,6.0,4.151710002716122
BOULE 400G,2022-03-21,6.0,3.936378736330428
BOULE 400G,2022-03-22,6.0,3.6182176235350063
BOULE 400G,2022-03-23,3.0,3.7846226712190596
BOULE 400G,2022-03-24,5.0,3.7220779838053932
BOULE 400G,2022-03-25,5.0,4.989249897345358
BOULE 400G,2022-03-26,8.0,7.856059456491255
BOULE 400G,2022-03-27,4.0,7.20571573477472
BOULE 400G,2022-03-28,6.0,4.414114796349468
BOULE 400G,2022-03-29,6.0,4.702420555186883
BOULE 400G,2022-03-30,1.0,3.275702306386229
BOULE 400G,2022-03-31,3.0,4.666486896305229
BOULE 400G,2022-04-01,3.0,6.0760140807092995
BOULE 400G,2022-04-02,1.0,4.958271579057728
BOULE 400G,2022-04-03,8.0,5.665432766431362
BOULE 400G,2022-04-04,1.0,4.150878341199717
BOULE 400G,2022-04-05,4.0,3.9261584609638494
BOULE 400G,2022-04-06,4.0,3.447754671514268
BOULE 400G,2022-04-07,6.0,3.2197051814354243
BOULE 400G,2022-04-08,5.0,2.327671793570552
BOULE 400G,2022-04-09,1.0,3.376713348937473
BOULE 400G,2022-04-10,6.0,7.648100777742528
BOULE 400G,2022-04-11,10.0,3.6909487308048643
BOULE 400G,2022-04-12,5.0,4.726311272358144
BOULE 400G,2022-04-13,1.0,4.507413474878027
BOULE 400G,2022-04-14,9.0,5.178205586876404
BOULE 400G,2022-04-15,10.0,5.5459223321595585
BOULE 400G,2022-04-16,15.0,11.08334072815019
BOULE 400G,2022-04-17,8.0,14.154252821580949
BOULE 400G,2022-04-18,15.0,8.733265299957061
BOULE 400G,2022-04-19,6.0,8.680415097010961
BOULE 400G,2022-04-20,3.0,6.573233003609724
BOULE 400G,2022-04-21,10.0,6.994859176591545
BOULE 400G,2022-04-22,8.0,8.020278092368333
BOULE 400G,2022-04-23,8.0,13.833947102296577
BOULE 400G,2022-04-24,10.0,12.54379232674534
BOULE 400G,2022-04-25,5.0,6.065265048828711
BOULE 400G,2022-04-26,2.0,7.023416432598979
BOULE 400G,2022-04-27,8.0,7.0302421288117785
BOULE 400G,2022-04-28,6.0,5.708108535338114
BOULE 400G,2022-04-29,5.0,5.0385100549526864
BOULE 400G,2022-04-30,10.0,10.012030935885349
BOULE 400G,2022-05-01,14.0,10.745720789282872
BOULE 400G,2022-05-02,7.0,7.399128712278745
BOULE 400G,2022-05-03,6.0,5.378421837360051
BOULE 400G,2022-05-04,6.0,7.3417814230655765
BOULE 400G,2022-05-05,8.0,6.948161192915916
BOULE 400G,2022-05-06,9.0,7.126041212168441
BOULE 400G,2022-05-07,10.0,12.506596249638651
BOULE 400G,2022-05-08,10.0,14.592810348790252
BOULE 400G,2022-05-09,2.0,5.596713167855244
BOULE 400G,2022-05-10,3.0,6.50141822507927
BOULE 400G,2022-05-11,5.0,6.8695962192487245
BOULE 400G,2022-05-12,1.0,4.068566724035992
BOULE 400G,2022-05-13,8.0,5.482555638787376
BOULE 400G,2022-05-14,10.0,9.286775494423162
BOULE 400G,2022-05-15,10.0,7.7748116539730745
BOULE 400G,2022-05-16,6.0,3.776398981482588
BOULE 400G,2022-05-17,4.0,3.82850851577669
BOULE 400G,2022-05-18,8.0,5.59720061848524
BOULE 400G,2022-05-19,7.0,4.214560791740547
BOULE 400G,2022-05-20,11.0,5.301347533025191
BOULE 400G,2022-05-21,3.0,11.747492337856906
BOULE 400G,2022-05-22,12.0,11.745360722430439
BOULE 400G,2022-05-23,3.0,6.952439642594596
BOULE 400G,2022-05-24,5.0,6.495325348730258
BOULE 400G,2022-05-25,9.0,5.876985232700827
BOULE 400G,2022-05-26,20.0,9.723977744575324
BOULE 400G,2022-05-27,20.0,9.944438148621504
BOULE 400G,2022-05-28,12.0,15.077197027579128
BOULE 400G,2022-05-29,18.0,18.053621086005332
BOULE 400G,2022-05-30,7.0,7.455199241116105
BOULE 400G,2022-05-31,8.0,11.785990786002033
BOULE 400G,2022-06-01,4.0,7.755906568734626
BOULE 400G,2022-06-02,7.0,10.437039619899023
BOULE 400G,2022-06-03,5.0,8.099759599459881
BOULE 400G,2022-06-04,14.0,10.877697799777511
BOULE 400G,2022-06-05,20.0,15.246507861182504
BOULE 400G,2022-06-06,16.0,9.517969780114555
BOULE 400G,2022-06-07,5.0,9.873362201470597
BOULE 400G,2022-06-08,5.0,6.19749592634056
BOULE 400G,2022-06-09,5.0,6.479251902224422
BOULE 400G,2022-06-10,4.0,8.426694120861017
BOULE 400G,2022-06-11,12.0,13.416949927743712
BOULE 400G,2022-06-12,8.0,14.097956670413925
BOULE 400G,2022-06-13,5.0,6.055433966031158
BOULE 400G,2022-06-14,3.0,5.713173294240828
BOULE 400G,2022-06-15,4.0,6.225479683699753
BOULE 400G,2022-06-16,6.0,6.00055404994419
BOULE 400G,2022-06-17,7.0,6.245733957248259
BOULE 400G,2022-06-18,12.0,12.979496882207606
BOULE 400G,2022-06-19,12.0,8.802265108385358
BOULE 400G,2022-06-20,5.0,6.2173214030315
BOULE 400G,2022-06-21,7.0,4.748819177136378
BOULE 400G,2022-06-22,5.0,5.937763607251938
BOULE 400G,2022-06-23,4.0,4.678732786205346
BOULE 400G,2022-06-24,7.0,5.471293134857564
BOULE 400G,2022-06-25,11.0,8.320479034320847
BOULE 400G,2022-06-26,12.0,12.46503691712877
BOULE 400G,2022-06-27,8.0,8.305645829052864
BOULE 400G,2022-06-28,6.0,5.056801087306501
BOULE 400G,2022-06-29,6.0,5.455978820558181
BOULE 400G,2022-06-30,2.0,5.500763498161154
BOULE 400G,2022-07-01,5.0,8.849577839989838
BOULE 400G,2022-07-02,7.0,9.986148984358708
BOULE 400G,2022-07-03,15.0,12.231722427606833
BOULE 400G,2022-07-04,10.0,6.2138447407334425
BOULE 400G,2022-07-05,9.0,5.821482130887556
BOULE 400G,2022-07-06,8.0,5.590620919988424
BOULE 400G,2022-07-07,10.0,7.717797671688149
BOULE 400G,2022-07-08,6.0,7.291666897764009
BOULE 400G,2022-07-09,20.0,10.167358011965321
BOULE 400G,2022-07-10,22.0,17.031601648795657
BOULE 400G,2022-07-11,12.0,5.687174599974416
BOULE 400G,2022-07-12,7.0,6.120457876940635
BOULE 400G,2022-07-13,12.0,5.878166753430917
BOULE 400G,2022-07-14,19.0,10.151592778108716
BOULE 400G,2022-07-15,12.0,9.855529229749477
BOULE 400G,2022-07-16,47.0,28.48950904538648
BOULE 400G,2022-07-17,19.0,24.723725089509887
BOULE 400G,2022-07-18,12.0,13.31210042797439
BOULE 400G,2022-07-19,12.0,9.793924370778354
BOULE 400G,2022-07-20,11.0,15.835865075016034
BOULE 400G,2022-07-21,5.0,18.566872397979882
BOULE 400G,2022-07-22,5.0,13.54595566954659
BOULE 400G,2022-07-23,12.0,13.057090767895229
BOULE 400G,2022-07-24,18.0,17.892980547366683
BOULE 400G,2022-07-25,10.0,8.155427333158286
BOULE 400G,2022-07-26,15.0,7.398266064436254
BOULE 400G,2022-07-27,15.0,4.753002657996577
BOULE 400G,2022-07-28,11.0,6.975275605158258
BOULE 400G,2022-07-29,5.0,5.501678571674271
BOULE 400G,2022-07-30,19.0,9.914169146605232
BOULE 400G,2022-07-31,17.0,17.554588682761715
BOULE 400G,2022-08-01,15.0,6.631418281836995
BOULE 400G,2022-08-02,13.0,12.781039282455115
BOULE 400G,2022-08-03,12.0,13.760414153254683
BOULE 400G,2022-08-04,10.0,10.63230133881451
BOULE 400G,2022-08-05,10.0,12.054908861014109
BOULE 400G,2022-08-06,16.0,17.114265433547388
BOULE 400G,2022-08-07,17.0,18.728379593885673
BOULE 400G,2022-08-08,33.0,21.319692454285978
BOULE 400G,2022-08-09,14.0,14.35236430053563
BOULE 400G,2022-08-10,15.0,13.442236544148102
BOULE 400G,2022-08-11,10.0,9.162865054225316
BOULE 400G,2022-08-12,13.0,10.33985482841137
BOULE 400G,2022-08-13,19.0,25.785770617100674
BOULE 400G,2022-08-14,28.0,22.931635370603956
BOULE 400G,2022-08-15,20.0,15.957116579143108
BOULE 400G,2022-08-16,11.0,16.212837492198823
BOULE 400G,2022-08-17,13.0,18.352117155384498
BOULE 400G,2022-08-18,15.0,12.594081435945451
BOULE 400G,2022-08-19,7.0,16.516861524123
BOULE 400G,2022-08-20,12.0,16.415474747522286
BOULE 400G,2022-08-21,12.0,18.954690595207836
BOULE 400G,2022-08-22,8.0,11.191975500849388
BOULE 400G,2022-08-23,8.0,6.264470652139315
BOULE 400G,2022-08-24,10.0,8.05921879799948
BOULE 400G,2022-08-25,8.0,10.887231590411092
BOULE 400G,2022-08-26,9.0,7.082464404047104
BOULE 400G,2022-08-27,10.0,15.202759205538857
BOULE 400G,2022-08-28,10.0,15.194190508739297
BOULE 400G,2022-08-29,8.0,5.356475288597094
BOULE 400G,2022-08-30,8.0,6.8709934270347155
BOULE 400G,2022-08-31,2.0,5.421395175286682
BOULE 400G,2022-09-01,2.0,6.940801396426905
BOULE 400G,2022-09-02,9.0,8.751624818664931
BOULE 400G,2022-09-03,6.0,8.840261197735327
BOULE 400G,2022-09-04,7.0,8.952141543230738
BOULE 400G,2022-09-05,5.0,3.3704401785624807
BOULE 400G,2022-09-06,4.0,2.0018242637810486
BOULE 400G,2022-09-07,5.0,5.5470088420648835
BOULE 400G,2022-09-08,5.0,4.902821066081261
BOULE 400G,2022-09-09,6.0,4.756032535650885
BOULE 400G,2022-09-10,5.0,6.987404200101315
BOULE 400G,2022-09-11,10.0,8.191504123342058
BOULE 400G,2022-09-12,10.0,6.745311398663701
BOULE 400G,2022-09-13,2.0,5.1377897635118615
BOULE 400G,2022-09-14,8.0,5.130451426604614
BOULE 400G,2022-09-15,7.0,6.479499150804176
BOULE 400G,2022-09-16,3.0,5.448368636570972
BOULE 400G,2022-09-17,7.0,12.434170290936343
BOULE 400G,2022-09-18,12.0,9.562436258510434
BOULE 400G,2022-09-19,12.0,6.198337800868263
BOULE 400G,2022-09-20,7.0,6.134184932596911
BOULE 400G,2022-09-21,4.0,5.612828850922393
BOULE 400G,2022-09-22,2.0,6.079623987995649
BOULE 400G,2022-09-23,6.0,7.270759481660567
BOULE 400G,2022-09-24,4.0,7.751880612967951
BOULE 400G,2022-09-25,14.0,10.095085736349873
BOULE 400G,2022-09-26,4.0,7.142804485809088
BOULE 400G,2022-09-27,8.0,5.428126101072843
BOULE 400G,2022-09-28,2.0,5.270176221875547
BOULE 400G,2022-09-29,3.0,4.006464284696557
BOULE 400G,2022-09-30,10.0,6.18128190258717
